<?xml version="1.0" encoding="utf-8"?>
<Textures>
	<Textures id="tex-mario">
		<Sprite id="spr-small-mario-walk-0" left="254" top="9"  width="12" height="15" frameTime="100"/>
		<Sprite id="spr-small-mario-walk-1" left="269" top="8"  width="15" height="16" frameTime="100"/>
		<Sprite id="spr-small-mario-skid-0" left="287" top="8"  width="14" height="16" frameTime="100"/>
		<Sprite id="spr-small-mario-jump-0" left="304" top="8"  width="16" height="16" frameTime="100"/>
		<Sprite id="spr-small-mario-run-0" left="323" top="8"  width="16" height="16" frameTime="100"/>
		<Sprite id="spr-small-mario-run-1" left="341" top="8"  width="16" height="16" frameTime="100"/>
		<Sprite id="spr-small-mario-high-jump-0" left="360" top="8"  width="16" height="16" frameTime="100"/>
		<Sprite id="spr-small-mario-slide-0" left="379" top="8"  width="15" height="16" frameTime="100"/>
		<Sprite id="spr-small-mario-die-0" left="416" top="8"  width="13" height="15" frameTime="100"/>
		<Sprite id="spr-small-mario-hold-0" left="435" top="8"  width="14" height="16" frameTime="100"/>
		<Sprite id="spr-small-mario-hold-1" left="452" top="8"  width="15" height="16" frameTime="100"/>
		<Sprite id="spr-small-mario-kick-0" left="470" top="8"  width="16" height="16" frameTime="100"/>
		<Sprite id="spr-small-mario-dive-0" left="489" top="8"  width="16" height="16" frameTime="100"/>
		<Sprite id="spr-small-mario-dive-1" left="508" top="9"  width="16" height="15" frameTime="100"/>
		<Sprite id="spr-small-mario-swim-0" left="527" top="9"  width="14" height="15" frameTime="100"/>
		<Sprite id="spr-small-mario-swim-1" left="544" top="8"  width="14" height="16" frameTime="100"/>
		<Sprite id="spr-small-mario-idle-front-0" left="397" top="8"  width="16" height="16" frameTime="100"/>
		<Sprite id="spr-small-mario-idle-0" left="254" top="9"  width="12" height="15" frameTime="100"/>
		<Sprite id="spr-small-mario-climb-0" left="561" top="9"  width="14" height="15" frameTime="100"/>
		<Sprite id="spr-small-mario-climb-1" left="578" top="9"  width="14" height="15" frameTime="100"/>
		<Sprite id="spr-big-mario-walk-0" left="197" top="48"  width="14" height="27" frameTime="100"/>

		<Sprite id="spr-big-mario-walk-1" left="214" top="48"  width="16" height="27" frameTime="100"/>
		<Sprite id="spr-big-mario-walk-2" left="233" top="49"  width="16" height="26" frameTime="100"/>
		<Sprite id="spr-big-mario-skid-0" left="252" top="47"  width="16" height="28" frameTime="100"/>
		<Sprite id="spr-big-mario-jump-0" left="271" top="49"  width="16" height="26" frameTime="100"/>
		<Sprite id="spr-big-mario-fall-0" left="233" top="49"  width="16" height="26" frameTime="100"/>
		<Sprite id="spr-big-mario-run-0" left="290" top="48"  width="19" height="27" frameTime="100"/>
		<Sprite id="spr-big-mario-run-1" left="312" top="48"  width="19" height="27" frameTime="100"/>
		<Sprite id="spr-big-mario-run-2" left="335" top="49"  width="19" height="26" frameTime="100"/>
		<Sprite id="spr-big-mario-high-jump-0" left="357" top="49"  width="19" height="26" frameTime="100"/>
		<Sprite id="spr-big-mario-crouch-0" left="379" top="57"  width="14" height="18" frameTime="100" yPivot="3"/>
		<Sprite id="spr-big-mario-slide-0" left="396" top="49"  width="16" height="26" frameTime="100"/>
		<Sprite id="spr-big-mario-hold-0" left="434" top="48"  width="14" height="27" frameTime="100"/>
		<Sprite id="spr-big-mario-hold-1" left="451" top="48"  width="15" height="27" frameTime="100"/>
		<Sprite id="spr-big-mario-hold-2" left="469" top="49"  width="16" height="26" frameTime="100"/>
		<Sprite id="spr-big-mario-kick-0" left="488" top="48"  width="21" height="27" frameTime="100"/>
		<Sprite id="spr-big-mario-dive-0" left="512" top="48"  width="19" height="27" frameTime="100"/>
		<Sprite id="spr-big-mario-dive-1" left="534" top="49"  width="19" height="26" frameTime="100"/>
		<Sprite id="spr-big-mario-swim-0" left="556" top="48"  width="19" height="27" frameTime="100"/>
		<Sprite id="spr-big-mario-swim-1" left="578" top="48"  width="18" height="27" frameTime="100"/>
		<Sprite id="spr-big-mario-swim-2" left="599" top="49"  width="19" height="26" frameTime="100"/>
		<Sprite id="spr-big-mario-idle-0" left="197" top="48"  width="14" height="27" frameTime="100"/>
		<Sprite id="spr-big-mario-idle-front-0" left="415" top="48"  width="16" height="27" frameTime="100"/>
		<Sprite id="spr-big-mario-climb-0" left="621" top="50"  width="16" height="25" frameTime="100"/>
		<Sprite id="spr-big-mario-climb-1" left="640" top="50"  width="16" height="25" frameTime="100"/>
		<Sprite id="spr-big-mario-roll-0" left="320" top="317"  width="22" height="20" frameTime="100"/>
		<Sprite id="spr-big-mario-roll-1" left="345" top="317"  width="19" height="20" frameTime="100"/>
		<Sprite id="spr-big-mario-roll-2" left="367" top="315"  width="20" height="22" frameTime="100"/>
		<Sprite id="spr-big-mario-roll-3" left="390" top="318"  width="20" height="19" frameTime="100"/>
		<Sprite id="spr-big-mario-roll-4" left="413" top="317"  width="22" height="20" frameTime="100"/>
		<Sprite id="spr-big-mario-roll-5" left="438" top="317"  width="19" height="20" frameTime="100"/>
		<Sprite id="spr-big-mario-roll-6" left="460" top="315"  width="20" height="22" frameTime="100"/>
		<Sprite id="spr-big-mario-roll-7" left="483" top="318"  width="20" height="19" frameTime="100"/>
		<Sprite id="spr-raccoon-mario-walk-0" left="80" top="142"  width="21" height="28" frameTime="100" xPivot="6"/>
		<Sprite id="spr-raccoon-mario-walk-1" left="104" top="142"  width="22" height="28" frameTime="100" xPivot="6"/>
		<Sprite id="spr-raccoon-mario-walk-2" left="129" top="143"  width="23" height="27" frameTime="100" xPivot="6"/>
		<Sprite id="spr-raccoon-mario-skid-0" left="155" top="140"  width="16" height="30" frameTime="100" yPivot="3"/>
		
		<Sprite id="spr-raccoon-mario-spin-0" left="80" top="142"  width="21" height="28" frameTime="100" xPivot="6"/>
		<Sprite id="spr-raccoon-mario-spin-1" left="78" top="107"  width="23" height="28" frameTime="100" xPivot="6"/>
		<Sprite id="spr-raccoon-mario-spin-2" left="174" top="142"  width="16" height="28" frameTime="100"/>
		<Sprite id="spr-raccoon-mario-spin-3" left="193" top="142"  width="23" height="28" frameTime="100" xPivot="-6"/>
		<Sprite id="spr-raccoon-mario-spin-4" left="219" top="142"  width="16" height="28" frameTime="100"/>
		<Sprite id="spr-raccoon-mario-spin-5" left="80" top="142"  width="21" height="28" frameTime="100" xPivot="6"/>
		
		<Sprite id="spr-raccoon-mario-jump-0" left="257" top="143"  width="23" height="27" frameTime="100" xPivot="6"/>
		<Sprite id="spr-raccoon-mario-fall-0" left="283" top="143"  width="23" height="27" frameTime="100" xPivot="6"/>
		<Sprite id="spr-raccoon-mario-run-0" left="283" top="143"  width="23" height="27" frameTime="100" xPivot="7"/>
		<Sprite id="spr-raccoon-mario-run-1" left="309" top="143"  width="23" height="27" frameTime="100" xPivot="7"/>
		<Sprite id="spr-raccoon-mario-run-2" left="335" top="142"  width="22" height="28" frameTime="100" xPivot="6"/>
		<Sprite id="spr-raccoon-mario-speed-up-0" left="360" top="142"  width="24" height="28" frameTime="100" xPivot="6"/>
		<Sprite id="spr-raccoon-mario-speed-up-1" left="387" top="142"  width="24" height="28" frameTime="100" xPivot="6"/>
		<Sprite id="spr-raccoon-mario-speed-up-2" left="414" top="143"  width="24" height="27" frameTime="100" xPivot="6"/>
		<Sprite id="spr-raccoon-mario-fly-0" left="441" top="143"  width="24" height="27" frameTime="100" xPivot="6"/>
		<Sprite id="spr-raccoon-mario-fly-1" left="468" top="143"  width="24" height="27" frameTime="100" xPivot="6"/>
		<Sprite id="spr-raccoon-mario-fly-2" left="495" top="142"  width="24" height="28" frameTime="100" xPivot="6"/>
		<Sprite id="spr-raccoon-mario-crouch-0" left="522" top="152"  width="22" height="18" frameTime="100" xPivot="6" yPivot="3"/>
		<Sprite id="spr-raccoon-mario-slide-0" left="547" top="143"  width="16" height="27" frameTime="100"/>
		<Sprite id="spr-raccoon-mario-hold-0" left="566" top="142"  width="21" height="28" frameTime="100" xPivot="6"/>
		<Sprite id="spr-raccoon-mario-hold-1" left="590" top="142"  width="22" height="28" frameTime="100" xPivot="6"/>
		<Sprite id="spr-raccoon-mario-hold-2" left="615" top="143"  width="23" height="27" frameTime="100" xPivot="6"/>
		<Sprite id="spr-raccoon-mario-kick-0" left="641" top="142"  width="22" height="28" frameTime="100" xPivot="6"/>
		<Sprite id="spr-raccoon-mario-dive-0" left="666" top="142"  width="24" height="28" frameTime="100" xPivot="6"/>
		<Sprite id="spr-raccoon-mario-dive-1" left="693" top="143"  width="24" height="27" frameTime="100" xPivot="6"/>
		<Sprite id="spr-raccoon-mario-swim-0" left="720" top="142"  width="24" height="28" frameTime="100" xPivot="6"/>
		<Sprite id="spr-raccoon-mario-swim-1" left="747" top="142"  width="23" height="28" frameTime="100" xPivot="6"/>
		<Sprite id="spr-raccoon-mario-swim-2" left="773" top="143"  width="24" height="27" frameTime="100" xPivot="6"/>
		<Sprite id="spr-raccoon-mario-climb-0" left="800" top="142"  width="16" height="28" frameTime="100"/>
		<Sprite id="spr-raccoon-mario-climb-1" left="819" top="142"  width="16" height="28" frameTime="100"/>
		<Sprite id="spr-raccoon-mario-idle-0" left="80" top="142"  width="21" height="28" frameTime="100" xPivot="6"/>
		<Sprite id="spr-raccoon-mario-idle-front-0" left="174" top="142"  width="16" height="28" frameTime="100"/>
		<Sprite id="spr-raccoon-mario-roll-0" left="319" top="342"  width="22" height="20" frameTime="100"/>
		<Sprite id="spr-raccoon-mario-roll-1" left="344" top="342"  width="21" height="20" frameTime="100"/>
		<Sprite id="spr-raccoon-mario-roll-2" left="368" top="340"  width="20" height="22" frameTime="100"/>
		<Sprite id="spr-raccoon-mario-roll-3" left="391" top="341"  width="20" height="21" frameTime="100"/>
		<Sprite id="spr-raccoon-mario-roll-4" left="414" top="342"  width="22" height="20" frameTime="100"/>
		<Sprite id="spr-raccoon-mario-roll-5" left="439" top="342"  width="21" height="20" frameTime="100"/>
		<Sprite id="spr-raccoon-mario-roll-6" left="462" top="340"  width="20" height="22" frameTime="100"/>
		<Sprite id="spr-raccoon-mario-roll-7" left="485" top="341"  width="20" height="21" frameTime="100"/>

		<Sprite id="spr-fire-mario-map-???-0" left="124" top="115"  width="16" height="21" frameTime="100"/>
		<Sprite id="spr-fire-mario-map-???-1" left="143" top="115"  width="16" height="21" frameTime="100"/>
		<Sprite id="spr-fire-mario-idle-front-0" left="458" top="109"  width="16" height="27" frameTime="100"/>
		<Sprite id="spr-fire-mario-idle-side-0" left="206" top="109"  width="14" height="27" frameTime="100"/>
		<Sprite id="spr-fire-mario-walk-0" left="206" top="109"  width="14" height="27" frameTime="100"/>
		<Sprite id="spr-fire-mario-walk-1" left="223" top="109"  width="16" height="27" frameTime="100"/>
		<Sprite id="spr-fire-mario-walk-2" left="242" top="110"  width="16" height="26" frameTime="100"/>
		<Sprite id="spr-fire-mario-skid-0" left="261" top="108"  width="16" height="28" frameTime="100"/>
		<Sprite id="spr-fire-mario-throw-0" left="280" top="109"  width="14" height="27" frameTime="100"/>
		<Sprite id="spr-fire-mario-throw-1" left="297" top="109"  width="14" height="27" frameTime="100"/>

		<Sprite id="spr-fire-ball-0" left="162" top="124"  width="8" height="8" frameTime="50" transcolor="0"/>
		<Sprite id="spr-fire-ball-1" left="173" top="123"  width="8" height="9" frameTime="50" transcolor="0"/>
		<Sprite id="spr-fire-ball-2" left="184" top="124"  width="8" height="8" frameTime="50" transcolor="0"/>
		<Sprite id="spr-fire-ball-3" left="195" top="123"  width="8" height="9" frameTime="50" transcolor="0"/>
	

		<Sprite id="spr-fire-mario-jump-0" left="314" top="110"  width="16" height="26" frameTime="100"/>
		<Sprite id="spr-fire-mario-fall-0" left="242" top="110"  width="16" height="26" frameTime="100"/>
		<Sprite id="spr-fire-mario-run-0" left="333" top="109"  width="19" height="27" frameTime="100"/>
		<Sprite id="spr-fire-mario-run-1" left="355" top="109"  width="19" height="27" frameTime="100"/>
		<Sprite id="spr-fire-mario-run-2" left="378" top="110"  width="19" height="26" frameTime="100"/>
		<Sprite id="spr-fire-mario-hold-0" left="477" top="109"  width="14" height="27" frameTime="100"/>
		<Sprite id="spr-fire-mario-hold-1" left="494" top="109"  width="15" height="27" frameTime="100"/>
		<Sprite id="spr-fire-mario-hold-2" left="512" top="110"  width="16" height="26" frameTime="100"/>
		<Sprite id="spr-fire-mario-high-jump-0" left="400" top="110"  width="19" height="26" frameTime="100"/>
		<Sprite id="spr-fire-mario-crouch-0" left="422" top="118"  width="14" height="18" frameTime="100" yPivot="3"/>
		<Sprite id="spr-fire-mario-slide-0" left="439" top="110"  width="16" height="26" frameTime="100"/>
		<Sprite id="spr-fire-mario-kick-0" left="531" top="109"  width="21" height="27" frameTime="100"/>
		<Sprite id="spr-fire-mario-dive-0" left="555" top="109"  width="19" height="27" frameTime="100"/>
		<Sprite id="spr-fire-mario-dive-1" left="577" top="110"  width="19" height="26" frameTime="100"/>
		<Sprite id="spr-fire-mario-swim-0" left="599" top="109"  width="19" height="27" frameTime="100"/>
		<Sprite id="spr-fire-mario-swim-1" left="621" top="109"  width="18" height="27" frameTime="100"/>
		<Sprite id="spr-fire-mario-swim-2" left="642" top="110"  width="19" height="26" frameTime="100"/>
		<Sprite id="spr-fire-mario-climb-0" left="664" top="111"  width="16" height="25" frameTime="100"/>
		<Sprite id="spr-fire-mario-climb-1" left="683" top="111"  width="16" height="25" frameTime="100"/>

		<Sprite id="spr-hammer-small-mario-map-idle-front-0" left="145" top="220"  width="14" height="16" frameTime="100"/>
		<Sprite id="spr-hammer-mario-map-idle-front-0" left="162" top="215"  width="16" height="21" frameTime="100"/>
		<Sprite id="spr-hammer-mario-map-idle-front-1" left="181" top="215"  width="16" height="21" frameTime="100"/>
		<Sprite id="spr-hammer-mario-idle-front-0" left="450" top="209"  width="16" height="27" frameTime="100"/>
		<Sprite id="spr-hammer-mario-idle-side-0" left="211" top="208"  width="16" height="28" frameTime="100"/>
		<Sprite id="spr-hammer-mario-walk-0" left="211" top="208"  width="16" height="28" frameTime="100"/>
		<Sprite id="spr-hammer-mario-walk-1" left="229" top="208"  width="16" height="28" frameTime="100"/>
		<Sprite id="spr-hammer-mario-walk-2" left="248" top="209"  width="16" height="27" frameTime="100"/>
		<Sprite id="spr-hammer-mario-skid-0" left="267" top="208"  width="16" height="28" frameTime="100"/>
		<Sprite id="spr-hammer-mario-throw-0" left="286" top="208"  width="16" height="28" frameTime="100"/>
		<Sprite id="spr-hammer-mario-throw-1" left="305" top="208"  width="16" height="28" frameTime="100"/>
		<Sprite id="spr-hammer-mario-jump-0" left="324" top="209"  width="16" height="27" frameTime="100"/>
		<Sprite id="spr-hammer-mario-fall-0" left="248" top="209"  width="16" height="27" frameTime="100"/>
		<Sprite id="spr-hammer-mario-run-0" left="343" top="208"  width="19" height="28" frameTime="100"/>
		<Sprite id="spr-hammer-mario-run-1" left="365" top="208"  width="19" height="28" frameTime="100"/>
		<Sprite id="spr-hammer-mario-run-2" left="387" top="209"  width="19" height="27" frameTime="100"/>
		<Sprite id="spr-hammer-mario-hold-0" left="469" top="208"  width="16" height="28" frameTime="100"/>
		<Sprite id="spr-hammer-mario-hold-1" left="488" top="208"  width="16" height="28" frameTime="100"/>
		<Sprite id="spr-hammer-mario-hold-2" left="507" top="209"  width="16" height="27" frameTime="100"/>
		<Sprite id="spr-hammer-mario-high-jump-0" left="409" top="209"  width="19" height="27" frameTime="100"/>
		<Sprite id="spr-hammer-mario-crouch-0" left="431" top="220"  width="16" height="16" frameTime="100" yPivot="3"/>
		<Sprite id="spr-hammer-mario-kick-0" left="526" top="208"  width="21" height="28" frameTime="100"/>
		<Sprite id="spr-hammer-mario-dive-0" left="550" top="208"  width="19" height="28" frameTime="100"/>
		<Sprite id="spr-hammer-mario-dive-1" left="572" top="208"  width="19" height="28" frameTime="100"/>
		<Sprite id="spr-hammer-mario-swim-0" left="594" top="208"  width="19" height="28" frameTime="100"/>
		<Sprite id="spr-hammer-mario-swim-1" left="615" top="208"  width="18" height="28" frameTime="100"/>
		<Sprite id="spr-hammer-mario-swim-2" left="636" top="209"  width="19" height="27" frameTime="100"/>
		<Sprite id="spr-hammer-mario-climb-0" left="658" top="210"  width="16" height="26" frameTime="100"/>
		<Sprite id="spr-hammer-mario-climb-1" left="677" top="210"  width="16" height="26" frameTime="100"/>
		<Sprite id="spr-hammer-mario-roll-0" left="371" top="365"  width="18" height="19" frameTime="100"/>
		<Sprite id="spr-hammer-mario-roll-1" left="392" top="366"  width="18" height="18" frameTime="100"/>
		<Sprite id="spr-hammer-mario-roll-2" left="413" top="365"  width="18" height="19" frameTime="100"/>
		<Sprite id="spr-hammer-mario-roll-3" left="434" top="366"  width="18" height="18" frameTime="100"/>

		<Sprite id="spr-frog-small-mario-map-idle-front-0" left="168" top="253"  width="16" height="16" frameTime="100"/>
		<Sprite id="spr-frog-mario-map-idle-front-0" left="187" top="249"  width="16" height="20" frameTime="100"/>
		<Sprite id="spr-frog-mario-map-idle-front-1" left="206" top="248"  width="16" height="21" frameTime="100"/>
		<Sprite id="spr-frog-mario-idle-front-0" left="293" top="237"  width="16" height="31" frameTime="100"/>
		<Sprite id="spr-frog-mario-idle-side-0" left="225" top="245"  width="20" height="24" frameTime="100"/>
		<Sprite id="spr-frog-mario-walk-0" left="312" top="238"  width="15" height="31" frameTime="100"/>
		<Sprite id="spr-frog-mario-walk-1" left="330" top="238"  width="15" height="31" frameTime="100"/>
		<Sprite id="spr-frog-mario-walk-2" left="348" top="239"  width="16" height="30" frameTime="100"/>
		<Sprite id="spr-frog-mario-jump-0" left="225" top="245"  width="20" height="24" frameTime="100"/>
		<Sprite id="spr-frog-mario-jump-1" left="248" top="240"  width="20" height="29" frameTime="100"/>
		<Sprite id="spr-frog-mario-jump-2" left="271" top="240"  width="19" height="29" frameTime="100"/>
		<Sprite id="spr-frog-mario-kick-0" left="367" top="238"  width="21" height="31" frameTime="100"/>
		<Sprite id="spr-frog-mario-swim-idle-0" left="391" top="246"  width="24" height="22" frameTime="100"/>
		<Sprite id="spr-frog-mario-swim-idle-1" left="417" top="246"  width="24" height="22" frameTime="100"/>
		<Sprite id="spr-frog-mario-swim-idle-0" left="391" top="246"  width="24" height="22" frameTime="100"/>
		<Sprite id="spr-frog-mario-swim-idle-1" left="417" top="246"  width="24" height="22" frameTime="100"/>
		<Sprite id="spr-frog-mario-swim-down-0" left="444" top="245"  width="16" height="25" frameTime="100"/>
		<Sprite id="spr-frog-mario-swim-down-1" left="463" top="246"  width="16" height="24" frameTime="100"/>
		<Sprite id="spr-frog-mario-swim-down-2" left="482" top="245"  width="16" height="25" frameTime="100"/>
		<Sprite id="spr-frog-mario-swim-up-0" left="501" top="244"  width="16" height="26" frameTime="100"/>
		<Sprite id="spr-frog-mario-swim-up-1" left="520" top="245"  width="16" height="25" frameTime="100"/>
		<Sprite id="spr-frog-mario-swim-up-2" left="539" top="243"  width="16" height="27" frameTime="100"/>
		<Sprite id="spr-frog-mario-swim-side-0" left="558" top="247"  width="20" height="23" frameTime="100"/>
		<Sprite id="spr-frog-mario-swim-side-1" left="581" top="247"  width="22" height="23" frameTime="100"/>
		<Sprite id="spr-frog-mario-swim-side-2" left="606" top="247"  width="24" height="23" frameTime="100"/>
		<Sprite id="spr-frog-mario-climb-0" left="633" top="243"  width="16" height="27" frameTime="100"/>
		<Sprite id="spr-frog-mario-climb-1" left="652" top="243"  width="16" height="27" frameTime="100"/>

		<Sprite id="spr-tanooki-small-mario-map-???-0" left="9" top="291"  width="12" height="16" frameTime="100"/>
		<Sprite id="spr-tanooki-mario-map-???-0" left="24" top="284"  width="16" height="23" frameTime="100"/>
		<Sprite id="spr-tanooki-mario-map-???-1" left="43" top="283"  width="16" height="24" frameTime="100"/>
		<Sprite id="spr-tanooki-mario-idle-front-0" left="156" top="278"  width="16" height="29" frameTime="100"/>
		<Sprite id="spr-tanooki-mario-idle-0" left="62" top="278"  width="21" height="29" frameTime="100"/>
		<Sprite id="spr-tanooki-mario-spin-0" left="156" top="278"  width="16" height="29" frameTime="100"/>
		<Sprite id="spr-tanooki-mario-spin-1" left="62" top="278"  width="21" height="29" frameTime="100"/>
		<Sprite id="spr-tanooki-mario-spin-2" left="175" top="278"  width="23" height="29" frameTime="100"/>
		<Sprite id="spr-tanooki-mario-spin-3" left="200" top="278"  width="16" height="29" frameTime="100"/>
		<Sprite id="spr-tanooki-mario-walk-0" left="62" top="278"  width="21" height="29" frameTime="100"/>
		<Sprite id="spr-tanooki-mario-walk-1" left="86" top="278"  width="22" height="29" frameTime="100"/>
		<Sprite id="spr-tanooki-mario-walk-2" left="111" top="280"  width="23" height="27" frameTime="100"/>
		<Sprite id="spr-tanooki-mario-skid-0" left="137" top="278"  width="16" height="29" frameTime="100"/>
		<Sprite id="spr-tanooki-mario-jump-0" left="238" top="280"  width="23" height="27" frameTime="100"/>
		<Sprite id="spr-tanooki-mario-fall-0" left="264" top="280"  width="23" height="27" frameTime="100" xPivot="6"/>
		<Sprite id="spr-tanooki-mario-run-0" left="264" top="280"  width="23" height="27" frameTime="100" xPivot="6"/>
		<Sprite id="spr-tanooki-mario-run-1" left="290" top="280"  width="23" height="27" frameTime="100" xPivot="6"/>
		<Sprite id="spr-tanooki-mario-run-2" left="316" top="279"  width="22" height="28" frameTime="100" xPivot="6"/>
		<Sprite id="spr-tanooki-mario-speed-up-0" left="341" top="279"  width="23" height="28" frameTime="100" xPivot="6"/>
		<Sprite id="spr-tanooki-mario-speed-up-1" left="367" top="279"  width="23" height="28" frameTime="100" xPivot="6"/>
		<Sprite id="spr-tanooki-mario-speed-up-2" left="393" top="280"  width="23" height="27" frameTime="100" xPivot="6"/>
		<Sprite id="spr-tanooki-mario-fly-0" left="419" top="278"  width="24" height="28" frameTime="100" xPivot="6"/>
		<Sprite id="spr-tanooki-mario-fly-1" left="446" top="279"  width="24" height="27" frameTime="100" xPivot="6"/>
		<Sprite id="spr-tanooki-mario-fly-2" left="473" top="279"  width="24" height="27" frameTime="100" xPivot="6"/>
		<Sprite id="spr-tanooki-mario-crouch-0" left="500" top="288"  width="21" height="18" frameTime="100" xPivot="6" yPivot="3"/>
		<Sprite id="spr-tanooki-mario-statue-0" left="524" top="277"  width="16" height="29" frameTime="100"/>
		<Sprite id="spr-tanooki-mario-slide-0" left="543" top="279"  width="16" height="27" frameTime="100"/>
		<Sprite id="spr-tanooki-mario-hold-0" left="562" top="277"  width="22" height="29" frameTime="100" xPivot="6"/>
		<Sprite id="spr-tanooki-mario-hold-1" left="587" top="277"  width="21" height="29" frameTime="100" xPivot="6"/>
		<Sprite id="spr-tanooki-mario-hold-2" left="611" top="278"  width="23" height="28" frameTime="100" xPivot="6"/>
		<Sprite id="spr-tanooki-mario-kick-0" left="637" top="278"  width="21" height="28" frameTime="100" xPivot="6"/>
		<Sprite id="spr-tanooki-mario-dive-0" left="661" top="278"  width="24" height="28" frameTime="100" xPivot="6"/>
		<Sprite id="spr-tanooki-mario-dive-1" left="688" top="279"  width="24" height="27" frameTime="100" xPivot="6"/>
		<Sprite id="spr-tanooki-mario-swim-0" left="715" top="278"  width="24" height="28" frameTime="100" xPivot="6"/>
		<Sprite id="spr-tanooki-mario-swim-1" left="742" top="279"  width="23" height="27" frameTime="100" xPivot="6"/>
		<Sprite id="spr-tanooki-mario-swim-2" left="768" top="279"  width="24" height="27" frameTime="100" xPivot="6"/>
		<Sprite id="spr-tanooki-mario-climb-0" left="795" top="279"  width="16" height="28" frameTime="100"/>
		<Sprite id="spr-tanooki-mario-climb-1" left="814" top="279"  width="16" height="28" frameTime="100"/>
		<Sprite id="spr-tanooki-mario-roll-0" left="320" top="390"  width="23" height="20" frameTime="100"/>
		<Sprite id="spr-tanooki-mario-roll-1" left="346" top="390"  width="21" height="20" frameTime="100"/>
		<Sprite id="spr-tanooki-mario-roll-2" left="370" top="387"  width="20" height="23" frameTime="100"/>
		<Sprite id="spr-tanooki-mario-roll-3" left="393" top="389"  width="20" height="21" frameTime="100"/>
		<Sprite id="spr-tanooki-mario-roll-4" left="416" top="390"  width="23" height="20" frameTime="100"/>
		<Sprite id="spr-tanooki-mario-roll-5" left="442" top="390"  width="21" height="20" frameTime="100"/>
		<Sprite id="spr-tanooki-mario-roll-6" left="466" top="387"  width="20" height="23" frameTime="100"/>
		<Sprite id="spr-tanooki-mario-roll-7" left="489" top="389"  width="20" height="21" frameTime="100"/>
	</Textures>
</Textures>
