<?xml version="1.0" encoding="utf-8"?>
<Textures>
	<Textures textureId="tex-intro">
		<Sprite id="spr-full-curtain-0" left="15" top="19"  width="240" height="194"/>
		<Sprite id="spr-side-curtain-0" left="275" top="19"  width="16" height="194"/>
		<Sprite id="spr-bottom-curtain-0" left="15" top="229"  width="240" height="14"/>
		<Sprite id="spr-intro-ground-0" left="24" top="317"  width="24" height="34"/>
		<Sprite id="spr-tree-right" left="340" top="132"  width="63" height="96"/>
		<Sprite id="spr-tree-left" left="332" top="324"  width="64" height="64"/>
		<Sprite id="spr-title-0" left="55" top="371"  width="181" height="113"/>
	</Textures>
</Textures>
