<?xml version="1.0" encoding="UTF-8" ?>
<Game>
    <Resources>
        <Resource textureId="tex-mario">
            <Texture path="Resource/Xml/Textures/Mario/Mario_x3.png" transparent="0,255,255,255"/>
            <SpriteDB path="Resource/Xml/Textures/Mario/MarioDB.xml"/>
            <AnimationDB path="Resource/Xml/Textures/Mario/MarioAnim.xml"/>
        </Resource>
        <Resource textureId="tex-enemy">
            <Texture path="Resource/Xml/Textures/Enemy/enemy_x3.png" transparent="0,255,255,255"/>
            <SpriteDB path="Resource/Xml/Textures/Enemy/EnemyDB.xml"/>
            <AnimationDB path="Resource/Xml/Textures/Enemy/EnemyAnim.xml"/>
        </Resource>
        <Resource textureId="tex-intro">
            <Texture path="Resource/Xml/Textures/Misc/Intro/intro_x3.png" transparent="0,255,255,255"/>
            <SpriteDB path="Resource/Xml/Textures/Misc/Intro/IntroDB.xml"/>
            <AnimationDB path="Resource/Xml/Textures/Misc/Intro/IntroAnim.xml"/>
        </Resource>
        <Resource textureId="tex-misc">
            <Texture path="Resource/Xml/Textures/Misc/Misc (Goods_Item)/misc_x3.png" transparent="0,255,255,255"/>
            <SpriteDB path="Resource/Xml/Textures/Misc/Misc (Goods_Item)/MiscDB.xml"/>
            <AnimationDB path="Resource/Xml/Textures/Misc/Misc (Goods_Item)/MiscAnim.xml"/>
        </Resource>
        <Resource textureId="tex-ui">
            <Texture path="Resource/Xml/Textures/Misc/UI/UI_x3.png" transparent="0,255,255,255"/>
            <SpriteDB path="Resource/Xml/Textures/Misc/UI/UiDB.xml"/>
            <AnimationDB path="Resource/Xml/Textures/Misc/UI/UiAnim.xml"/>
        </Resource>
    </Resources>
    <GameContent>       
        <Scenes start="demo">
            <Scene id="demo" type="PlayScene">
                <TmxMap path="Resource/Xml/GameMap/World1-1" fileName="world-1-1-map-obj.tmx"/>
            </Scene>
        </Scenes>
    </GameContent>
</Game>