<?xml version="1.0" encoding="utf-8"?>
<Textures>
	<Textures textureId="tex-enemy">
            <Sprite id="spr-goomba-idle-0" left="9" top="11"  width="16" height="16"/>
		    <Sprite id="spr-goomba-walk-0" left="9" top="11"  width="16" height="16"/>
			<Sprite id="spr-goomba-walk-1" left="32" top="11"  width="16" height="16"/>
		    <Sprite id="spr-goomba-die-0" left="54" top="18"  width="16" height="9"/>
		    <Sprite id="spr-red-goomba-idle-0" left="104" top="70"  width="16" height="16"/>
			<Sprite id="spr-red-goomba-idle-1" left="125" top="70"  width="16" height="16"/>
		<   <Sprite id="spr-red-goomba-walk-0" left="104" top="70"  width="16" height="16"/>
			<Sprite id="spr-red-goomba-walk-1" left="125" top="70"  width="16" height="16"/>
		    <Sprite id="spr-red-goomba-die-0" left="145" top="77"  width="16" height="9"/>
		    <Sprite id="spr-tan-para-goomba-idle-0" left="125" top="11"  width="20" height="19"/>
			<Sprite id="spr-tan-para-goomba-idle-1" left="149" top="11"  width="20" height="19"/>
		    <Sprite id="spr-tan-para-goomba-flap-0" left="75" top="6"  width="20" height="24"/>
			<Sprite id="spr-tan-para-goomba-flap-1" left="99" top="6"  width="20" height="24"/>
		    <Sprite id="spr-tiny-goomba-fall-0" left="174" top="21"  width="8" height="9"/>
		    <Sprite id="spr-red-para-goomba-idle-0" left="116" top="40"  width="20" height="19"/>
			<Sprite id="spr-red-para-goomba-idle-1" left="140" top="40"  width="20" height="19"/>
		    <Sprite id="spr-red-para-goomba-flap-0" left="66" top="35"  width="20" height="24"/>
			<Sprite id="spr-red-para-goomba-flap-1" left="90" top="35"  width="20" height="24"/>
		    <Sprite id="spr-red-venus-fire-trap-headdown-0" left="7" top="33"  width="16" height="32"/>
		    <Sprite id="spr-red-venus-fire-trap-headup-0" left="7" top="71"  width="16" height="32"/>
		    <Sprite id="spr-green-venus-fire-trap-headdown-0" left="6" top="166"  width="16" height="24"/>
		    <Sprite id="spr-green-venus-fire-trap-headup-1" left="6" top="195"  width="16" height="24"/>
            <Sprite id="spr-red-piranha-plant-attack-0" left="171" top="35"  width="16" height="32"/>
			<Sprite id="spr-red-piranha-plant-attack-1" left="171" top="72"  width="16" height="31"/>
		    <Sprite id="spr-green-piranha-plant-attack-0" left="7" top="108"  width="16" height="23"/>
			<Sprite id="spr-green-piranha-plant-attack-1" left="7" top="137"  width="16" height="24"/>
		    <Sprite id="spr-red-koopa-troopa-move-0" left="28" top="67"  width="16" height="26"/>
			<Sprite id="spr-red-koopa-troopa-move-1" left="47" top="66"  width="16" height="27"/>
		    <Sprite id="spr-red-koopa-troopa-crouch-0" left="71" top="75"  width="18" height="16"/>
            <Sprite id="spr-red-koopa-troopa-shell-run-0" left="29" top="97"  width="16" height="16"/>
			<Sprite id="spr-red-koopa-troopa-shell-run-1" left="50" top="96"  width="16" height="16"/>
			<Sprite id="spr-red-koopa-troopa-shell-run-2" left="71" top="96"  width="16" height="16"/>
		    <Sprite id="spr-green-koopa-troopa-move-0" left="31" top="119"  width="16" height="26" yPivot="11"/>
			<Sprite id="spr-green-koopa-troopa-move-1" left="50" top="118"  width="16" height="27" yPivot="11"/>
		    <Sprite id="spr-green-koopa-troopa-crouch-0" left="74" top="127"  width="18" height="16"/>
	        <Sprite id="spr-green-koopa-troopa-shell-run-0" left="32" top="149"  width="16" height="16"/>
			<Sprite id="spr-green-koopa-troopa-shell-run-1" left="53" top="148"  width="16" height="16"/>
			<Sprite id="spr-green-koopa-troopa-shell-run-2" left="74" top="148"  width="16" height="16"/>
		    <Sprite id="spr-green-koopa-paratroopa-fly-0" left="105" top="129"  width="16" height="27"/>
			<Sprite id="spr-green-koopa-paratroopa-fly-1" left="126" top="130"  width="16" height="26"/>
			<Sprite id="spr-green-koopa-paratroopa-fly-2" left="147" top="129"  width="16" height="27"/>
		    <Sprite id="spr-red-koopa-paratroopa-fly-0" left="105" top="93"  width="16" height="27"/>
			<Sprite id="spr-red-koopa-paratroopa-fly-1" left="126" top="94"  width="16" height="26"/>
			<Sprite id="spr-red-koopa-paratroopa-fly-2" left="147" top="93"  width="16" height="27"/>
		    <Sprite id="spr-boomerang-brother-move-0" left="33" top="171"  width="16" height="24"/>
			<Sprite id="spr-boomerang-brother-move-1" left="57" top="171"  width="16" height="24"/>
            <Sprite id="spr-boomerang-brother-attack-0" left="80" top="171"  width="16" height="24"/>
			<Sprite id="spr-boomerang-brother-attack-1" left="103" top="171"  width="16" height="24"/>
            <Sprite id="spr-hammer-brother-move-0" left="175" top="112"  width="16" height="24"/>
			<Sprite id="spr-hammer-brother-move-1" left="178" top="143"  width="16" height="24"/>
			<Sprite id="spr-hammer-brother-attack-0" left="179" top="173"  width="16" height="24"/>
			<Sprite id="spr-hammer-brother-attack-1" left="179" top="202"  width="16" height="24"/>
			<Sprite id="spr-boomerang-spin-0" left="124" top="166"  width="15" height="16"/>
			<Sprite id="spr-boomerang-spin-1" left="144" top="166"  width="16" height="15"/>
			<Sprite id="spr-boomerang-spin-2" left="145" top="186"  width="16" height="15"/>
			<Sprite id="spr-boomerang-spin-3" left="124" top="188"  width="15" height="16"/>
			<Sprite id="spr-hammer-0" left="203" top="121"  width="14" height="16"/>
			<Sprite id="spr-hammer-1" left="229" top="121"  width="16" height="14"/>
			<Sprite id="spr-hammer-2" left="229" top="149"  width="14" height="16"/>
			<Sprite id="spr-hammer-3" left="228" top="177"  width="16" height="14"/>
			<Sprite id="spr-hammer-4" left="226" top="199"  width="14" height="16"/>
			<Sprite id="spr-hammer-5" left="203" top="199"  width="16" height="14"/>
			<Sprite id="spr-hammer-6" left="205" top="171"  width="14" height="16"/>
			<Sprite id="spr-hammer-7" left="206" top="146"  width="16" height="14"/>
    </Textures>
</Textures>